"pno","hno"
1,541
2,542
3,543
1,544
2,545
3,546
1,547
2,548
3,549
4,550
5,551
6,552
4,553
5,554
6,555
4,556
5,557
6,558
7,559
8,560
9,561
7,562
8,563
9,564
7,565
8,566
9,567
10,568
11,569
12,570
10,571
11,572
12,573
10,574
11,575
12,576
13,577
14,578
15,579
13,580
14,581
15,582
13,583
14,584
15,585
16,586
17,587
18,588
16,589
17,590
18,591
16,592
17,593
18,594
19,595
20,596
21,597
19,598
20,599
21,600
19,601
20,602
21,603
22,604
23,605
24,606
22,607
23,608
24,609
22,610
23,611
24,612
25,613
26,614
27,615
25,616
26,617
27,618
25,619
26,620
27,621
28,622
29,623
30,624
28,625
29,626
30,627
28,628
29,629
30,630
31,631
32,632
33,633
31,634
32,635
33,636
31,637
32,638
33,639
34,640
35,641
36,642
34,643
35,644
36,645
34,646
35,647
36,648
37,649
38,650
39,651
37,652
38,653
39,654
37,655
38,656
39,657
40,658
41,659
42,660
40,661
41,662
42,663
40,664
41,665
42,666
43,667
44,668
45,669
43,670
44,671
45,672
43,673
44,674
45,675
46,676
47,677
48,678
46,679
47,680
48,681
46,682
47,683
48,684
49,685
50,686
51,687
49,688
50,689
51,690
49,691
50,692
51,693
52,694
53,695
54,696
52,697
53,698
54,699
52,700
53,701
54,702
55,703
56,704
57,705
55,706
56,707
57,708
55,709
56,710
57,711
58,712
59,713
60,714
58,715
59,716
60,717
58,718
59,719
60,720
61,721
62,722
63,723
61,724
62,725
63,726
61,727
62,728
63,729
64,730
65,731
66,732
64,733
65,734
66,735
64,736
65,737
66,738
67,739
68,740
69,741
67,742
68,743
69,744
67,745
68,746
69,747
70,748
71,749
72,750
70,751
71,752
72,753
70,754
71,755
72,756
73,757
74,758
75,759
73,760
74,761
75,762
73,763
74,764
75,765
76,766
77,767
78,768
76,769
77,770
78,771
76,772
77,773
78,774
79,775
80,776
81,777
79,778
80,779
81,780
79,781
80,782
81,783
82,784
83,785
84,786
82,787
83,788
84,789
82,790
83,791
84,792
85,793
86,794
87,795
85,796
86,797
87,798
85,799
86,800
87,801
88,802
89,803
90,804
88,805
89,806
90,807
88,808
89,809
90,810
